{
  "config": {
    "M": 16,
    "kr": 8.0,
    "L": 128,
    "snr_db": 15.0,
    "n_train": 4000,
    "deltas_deg": [
      8,
      12,
      15,
      18,
      22,
      30
    ],
    "seeds": [
      0,
      1,
      2
    ]
  },
  "params": {
    "Equivariant": 34601,
    "MLP+aug": 295808
  },
  "results": {
    "Equivariant": {
      "ood": {
        "8": [
          0.0003333333333333333,
          0.0004714045207910317
        ],
        "12": [
          0.6665,
          0.47128671386605697
        ],
        "15": [
          1.0,
          0.0
        ],
        "18": [
          1.0,
          0.0
        ],
        "22": [
          1.0,
          0.0
        ],
        "30": [
          1.0,
          0.0
        ]
      },
      "id": {
        "8": [
          0.0003333333333333333,
          0.0004714045207910317
        ],
        "12": [
          0.6665,
          0.47128671386605697
        ],
        "15": [
          1.0,
          0.0
        ],
        "18": [
          1.0,
          0.0
        ],
        "22": [
          1.0,
          0.0
        ],
        "30": [
          1.0,
          0.0
        ]
      }
    },
    "MLP+aug": {
      "ood": {
        "8": [
          0.0018333333333333333,
          0.00023570226039551585
        ],
        "12": [
          0.10016666666666667,
          0.010648421896642194
        ],
        "15": [
          0.9704999999999999,
          0.014195069566578383
        ],
        "18": [
          1.0,
          0.0
        ],
        "22": [
          1.0,
          0.0
        ],
        "30": [
          1.0,
          0.0
        ]
      },
      "id": {
        "8": [
          0.0018333333333333335,
          0.0008498365855987974
        ],
        "12": [
          0.11116666666666668,
          0.010624918300339483
        ],
        "15": [
          0.9863333333333334,
          0.009507307131301141
        ],
        "18": [
          0.9996666666666667,
          0.00023570226039548988
        ],
        "22": [
          1.0,
          0.0
        ],
        "30": [
          0.9998333333333335,
          0.00023570226039548988
        ]
      }
    },
    "Bartlett": {
      "ood": {
        "8": [
          0.007,
          0.0
        ],
        "12": [
          0.099,
          0.0
        ],
        "15": [
          0.4625,
          0.0
        ],
        "18": [
          0.5695,
          0.0
        ],
        "22": [
          0.6925,
          0.0
        ],
        "30": [
          0.952,
          0.0
        ]
      }
    }
  }
}