{
  "config": {
    "M": 16,
    "kr": 8.0,
    "L": 128,
    "T": 10,
    "snr_db": 10.0,
    "n_train": 4000,
    "deltas": [
      8,
      12,
      15,
      18,
      22,
      30
    ],
    "seeds": [
      0,
      1,
      2
    ],
    "delta_train": [
      8.0,
      34.0
    ]
  },
  "uncorrelated": {
    "Bartlett": {
      "8": [
        0.0,
        0.0
      ],
      "12": [
        0.0175,
        0.0
      ],
      "15": [
        0.2025,
        0.0
      ],
      "18": [
        0.696,
        0.0
      ],
      "22": [
        0.991,
        0.0
      ],
      "30": [
        1.0,
        0.0
      ]
    },
    "MUSIC": {
      "8": [
        0.255,
        0.0
      ],
      "12": [
        0.995,
        0.0
      ],
      "15": [
        1.0,
        0.0
      ],
      "18": [
        1.0,
        0.0
      ],
      "22": [
        1.0,
        0.0
      ],
      "30": [
        1.0,
        0.0
      ]
    },
    "Equivariant": {
      "ood": {
        "8": [
          0.005,
          0.004301162633521313
        ],
        "12": [
          0.37599999999999995,
          0.1477875727747995
        ],
        "15": [
          0.8258333333333333,
          0.11080789181682361
        ],
        "18": [
          0.9853333333333333,
          0.013123346456686363
        ],
        "22": [
          0.9998333333333335,
          0.00023570226039548988
        ],
        "30": [
          0.9993333333333334,
          0.0006236095644623044
        ]
      },
      "id": {
        "8": [
          0.006000000000000001,
          0.004949747468305833
        ],
        "12": [
          0.3661666666666667,
          0.14004780929700003
        ],
        "15": [
          0.8498333333333333,
          0.10203458019492975
        ],
        "18": [
          0.9876666666666667,
          0.01234458945809413
        ],
        "22": [
          0.9988333333333334,
          0.0006236095644623438
        ],
        "30": [
          0.9993333333333334,
          0.00047140452079103207
        ]
      }
    }
  },
  "coherent": {
    "Bartlett": {
      "8": [
        0.011,
        0.0
      ],
      "12": [
        0.1355,
        0.0
      ],
      "15": [
        0.4685,
        0.0
      ],
      "18": [
        0.5735,
        0.0
      ],
      "22": [
        0.707,
        0.0
      ],
      "30": [
        0.97,
        0.0
      ]
    },
    "MUSIC": {
      "8": [
        0.012,
        0.0
      ],
      "12": [
        0.1305,
        0.0
      ],
      "15": [
        0.465,
        0.0
      ],
      "18": [
        0.57,
        0.0
      ],
      "22": [
        0.7095,
        0.0
      ],
      "30": [
        0.9205,
        0.0
      ]
    },
    "Equivariant": {
      "ood": {
        "8": [
          0.09533333333333334,
          0.05785230236463272
        ],
        "12": [
          0.7261666666666667,
          0.22590718349701847
        ],
        "15": [
          0.9406666666666667,
          0.08391000470080366
        ],
        "18": [
          1.0,
          0.0
        ],
        "22": [
          1.0,
          0.0
        ],
        "30": [
          0.9816666666666666,
          0.010410998457827642
        ]
      },
      "id": {
        "8": [
          0.09400000000000001,
          0.055330823236239675
        ],
        "12": [
          0.7231666666666667,
          0.2266069774349903
        ],
        "15": [
          0.9498333333333333,
          0.07023927359786372
        ],
        "18": [
          1.0,
          0.0
        ],
        "22": [
          1.0,
          0.0
        ],
        "30": [
          0.9851666666666666,
          0.007760297817881884
        ]
      }
    }
  }
}